full_name,stars,watchers,forks,stars_delta,watchers_delta,forks_delta,url
shareAI-lab/learn-claude-code,71051,71051,11558,24,24,3,https://github.com/shareAI-lab/learn-claude-code
ChinaSiro/claude-code-sourcemap,9545,9545,14692,0,0,-2,https://github.com/ChinaSiro/claude-code-sourcemap
Alishahryar1/free-claude-code,40156,40156,6563,18,18,3,https://github.com/Alishahryar1/free-claude-code
pengchengneo/Claude-Code,1659,1659,2539,1,1,-1,https://github.com/pengchengneo/Claude-Code
hesreallyhim/awesome-claude-code,50057,50057,4365,9,9,0,https://github.com/hesreallyhim/awesome-claude-code
shanraisshan/claude-code-best-practice,62627,62627,6264,9,9,1,https://github.com/shanraisshan/claude-code-best-practice
davila7/claude-code-templates,29516,29516,3236,2,2,0,https://github.com/davila7/claude-code-templates
musistudio/claude-code-router,35803,35803,2956,1,1,1,https://github.com/musistudio/claude-code-router
LING71671/Open-ClaudeCode,918,918,1219,0,0,0,https://github.com/LING71671/Open-ClaudeCode
Donchitos/Claude-Code-Game-Studios,23007,23007,3297,4,4,0,https://github.com/Donchitos/Claude-Code-Game-Studios
VoltAgent/awesome-claude-code-subagents,23332,23332,2723,1,1,1,https://github.com/VoltAgent/awesome-claude-code-subagents
oboard/claude-code-rev,3255,3255,3825,0,0,-1,https://github.com/oboard/claude-code-rev
ponponon/claude_code_src,2317,2317,3543,0,0,4,https://github.com/ponponon/claude_code_src
anthropics/claude-code-action,8358,8358,1971,4,4,0,https://github.com/anthropics/claude-code-action
Piebald-AI/claude-code-system-prompts,11831,11831,2007,0,0,0,https://github.com/Piebald-AI/claude-code-system-prompts
liuup/claude-code-analysis,3546,3546,1961,0,0,0,https://github.com/liuup/claude-code-analysis
pedrohcgs/claude-code-my-workflow,1407,1407,2776,0,0,0,https://github.com/pedrohcgs/claude-code-my-workflow
diet103/claude-code-infrastructure-showcase,9743,9743,1215,0,0,0,https://github.com/diet103/claude-code-infrastructure-showcase
ykdojo/claude-code-tips,9270,9270,734,5,5,0,https://github.com/ykdojo/claude-code-tips
frankbria/ralph-claude-code,9537,9537,727,0,0,0,https://github.com/frankbria/ralph-claude-code
hangsman/claude-code-source,787,787,1759,0,0,0,https://github.com/hangsman/claude-code-source
chauncygu/collection-claude-code-source-code,2755,2755,2430,-1,-1,0,https://github.com/chauncygu/collection-claude-code-source-code
lintsinghua/claude-code-book,3936,3936,795,2,2,0,https://github.com/lintsinghua/claude-code-book
ChrisWiles/claude-code-showcase,5991,5991,560,0,0,0,https://github.com/ChrisWiles/claude-code-showcase
wanshuiyin/Auto-claude-code-research-in-sleep,13412,13412,1210,10,10,1,https://github.com/wanshuiyin/Auto-claude-code-research-in-sleep
huangserva/claude-code-cli,620,620,1306,1,1,0,https://github.com/huangserva/claude-code-cli
OneRedOak/claude-code-workflows,3881,3881,564,-1,-1,0,https://github.com/OneRedOak/claude-code-workflows
FlorianBruniaux/claude-code-ultimate-guide,5447,5447,716,0,0,1,https://github.com/FlorianBruniaux/claude-code-ultimate-guide
nicedreamzapp/claude-code-local,2942,2942,562,0,0,0,https://github.com/nicedreamzapp/claude-code-local
1rgs/claude-code-proxy,3692,3692,481,0,0,0,https://github.com/1rgs/claude-code-proxy
anthropics/claude-code-security-review,5545,5545,593,1,1,2,https://github.com/anthropics/claude-code-security-review
zebbern/claude-code-guide,4406,4406,448,1,1,0,https://github.com/zebbern/claude-code-guide
lorryjovens-hub/claude-code-rust,1669,1669,638,0,0,0,https://github.com/lorryjovens-hub/claude-code-rust
rohitg00/awesome-claude-code-toolkit,2318,2318,809,0,0,0,https://github.com/rohitg00/awesome-claude-code-toolkit
disler/claude-code-hooks-mastery,3829,3829,628,0,0,0,https://github.com/disler/claude-code-hooks-mastery
zstmfhy/Claude-code,190,190,284,0,0,0,https://github.com/zstmfhy/Claude-code
Maciek-roboblog/Claude-Code-Usage-Monitor,8446,8446,433,1,1,0,https://github.com/Maciek-roboblog/Claude-Code-Usage-Monitor
Windy3f3f3f3f/how-claude-code-works,3166,3166,670,2,2,2,https://github.com/Windy3f3f3f3f/how-claude-code-works
alejandrobalderas/claude-code-from-source,2719,2719,741,2,2,0,https://github.com/alejandrobalderas/claude-code-from-source
affaan-m/ECC,229852,229852,35178,44,44,4,https://github.com/affaan-m/ECC
777genius/claude-code-source-code,919,919,1098,0,0,0,https://github.com/777genius/claude-code-source-code
fuergaosi233/claude-code-proxy,2734,2734,406,1,1,1,https://github.com/fuergaosi233/claude-code-proxy
ding113/claude-code-hub,3245,3245,376,1,1,1,https://github.com/ding113/claude-code-hub
kodu-ai/claude-coder,5257,5257,198,0,0,0,https://github.com/kodu-ai/claude-coder
RichardAtCT/claude-code-telegram,2732,2732,401,0,0,0,https://github.com/RichardAtCT/claude-code-telegram
Yuyz0112/claude-code-reverse,2399,2399,406,0,0,0,https://github.com/Yuyz0112/claude-code-reverse
fazxes/Claude-code,225,225,216,0,0,0,https://github.com/fazxes/Claude-code
SeemSeam/claude_codex_bridge,3263,3263,317,0,0,0,https://github.com/SeemSeam/claude_codex_bridge
Cranot/claude-code-guide,2843,2843,320,0,0,0,https://github.com/Cranot/claude-code-guide
Windy3f3f3f3f/claude-code-from-scratch,2275,2275,485,2,2,0,https://github.com/Windy3f3f3f3f/claude-code-from-scratch
multica-ai/andrej-karpathy-skills,192469,192469,19774,80,80,11,https://github.com/multica-ai/andrej-karpathy-skills
luyao618/Claude-Code-Source-Study,1614,1614,555,1,1,0,https://github.com/luyao618/Claude-Code-Source-Study
Chachamaru127/claude-code-harness,2975,2975,289,1,1,0,https://github.com/Chachamaru127/claude-code-harness
repowise-dev/claude-code-prompts,1158,1158,387,0,0,0,https://github.com/repowise-dev/claude-code-prompts
https-deeplearning-ai/sc-claude-code-files,533,533,809,0,0,1,https://github.com/https-deeplearning-ai/sc-claude-code-files
anthropics/skills,161259,161259,19053,50,50,8,https://github.com/anthropics/skills
anthropics/claude-code-base-action,906,906,612,0,0,0,https://github.com/anthropics/claude-code-base-action
AprilNEA/claude-code-source,391,391,610,0,0,0,https://github.com/AprilNEA/claude-code-source
guanshan/ClaudeCode,61,61,213,0,0,0,https://github.com/guanshan/ClaudeCode
JrCx7scC/claude-code-source,371,371,548,0,0,0,https://github.com/JrCx7scC/claude-code-source
edmund-io/edmunds-claude-code,1483,1483,285,0,0,0,https://github.com/edmund-io/edmunds-claude-code
huangjia2019/claude-code-engineering,978,978,351,0,0,0,https://github.com/huangjia2019/claude-code-engineering
carlvellotti/claude-code-pm-course,2136,2136,350,0,0,0,https://github.com/carlvellotti/claude-code-pm-course
Yeachan-Heo/oh-my-claudecode,37775,37775,3410,9,9,0,https://github.com/Yeachan-Heo/oh-my-claudecode
Pimzino/claude-code-spec-workflow,3794,3794,265,0,0,0,https://github.com/Pimzino/claude-code-spec-workflow
jqueryscript/awesome-claude-code,467,467,457,0,0,0,https://github.com/jqueryscript/awesome-claude-code
disler/pi-vs-claude-code,1491,1491,354,0,0,0,https://github.com/disler/pi-vs-claude-code
feiskyer/claude-code-settings,1593,1593,238,0,0,0,https://github.com/feiskyer/claude-code-settings
andrew-kramer-inno/claude-code-source-build,595,595,523,0,0,0,https://github.com/andrew-kramer-inno/claude-code-source-build
AICoderTudou/claude-code-tudou,498,498,395,0,0,0,https://github.com/AICoderTudou/claude-code-tudou
darcyegb/ClaudeCodeAgents,747,747,69,0,0,0,https://github.com/darcyegb/ClaudeCodeAgents
krusemediallc/arcads-claude-code,1010,1010,274,1,1,2,https://github.com/krusemediallc/arcads-claude-code
digitalsamba/claude-code-video-toolkit,1747,1747,296,1,1,0,https://github.com/digitalsamba/claude-code-video-toolkit
VILA-Lab/Dive-into-Claude-Code,1899,1899,293,2,2,0,https://github.com/VILA-Lab/Dive-into-Claude-Code
KPR111/Claude-Code,18,18,325,0,0,0,https://github.com/KPR111/Claude-Code
jeremylongshore/claude-code-plugins-plus-skills,2518,2518,360,-1,-1,0,https://github.com/jeremylongshore/claude-code-plugins-plus-skills
OrcaWhisper/Claude-Code,84,84,166,0,0,0,https://github.com/OrcaWhisper/Claude-Code
alirezarezvani/claude-skills,22604,22604,3144,11,11,3,https://github.com/alirezarezvani/claude-skills
centminmod/my-claude-code-setup,2505,2505,237,0,0,0,https://github.com/centminmod/my-claude-code-setup
xu-xiang/everything-claude-code-zh,1663,1663,276,1,1,0,https://github.com/xu-xiang/everything-claude-code-zh
simonw/claude-code-transcripts,1616,1616,191,0,0,0,https://github.com/simonw/claude-code-transcripts
luongnv89/claude-howto,39864,39864,4816,7,7,0,https://github.com/luongnv89/claude-howto
Hyper66666/claude-code-sourcemap,215,215,449,0,0,0,https://github.com/Hyper66666/claude-code-sourcemap
